lower_case,first_name,last_name,Date
ddonielle,Donielle,Malone,23-04-2018
ddorry,Dorry,Sworder,26-12-2018
bbenedict,Benedict,Andresen,24-12-2018
ccornell,Cornell,Miskin,10-12-2018
ttheresita,Theresita,Menguy,28-08-2018
eethan,Ethan,Baggaley,14-12-2018
eefren,Efren,Sooley,28-04-2018
kkara,Kara,Foucard,15-06-2018
ggherardo,Gherardo,Richardon,16-11-2018
uursula,Ursula,Impy,25-04-2018
wwyndham,Wyndham,Ramshay,27-08-2018
lly,Ly,Peinke,20-06-2018
aaubree,Aubree,Cave,11-01-2019
mmarlon,Marlon,Izkovici,17-07-2018
llulu,Lulu,Louder,02-09-2018
ccon,Con,Childes,24-04-2018
ccourtnay,Courtnay,Rabbet,05-06-2018
llinnie,Linnie,Rallinshaw,14-07-2018
nnorrie,Norrie,Reburn,18-07-2018
ccory,Cory,Cordeux,22-09-2018
lluciana,Luciana,Diable,07-02-2019
nneale,Neale,Murty,05-12-2018
kkonrad,Konrad,Snepp,29-08-2018
bben,Ben,Epple,09-10-2018
wwilley,Willey,Choudhury,18-06-2018
llew,Lew,Pilpovic,27-04-2018
hhaydon,Haydon,Bootton,11-09-2018
mmarianna,Marianna,Goulborn,22-06-2018
jjennifer,Jennifer,Halliday,25-05-2018
nniki,Niki,McCurlye,04-08-2018
eelsbeth,Elsbeth,McGinny,07-07-2018
rraynor,Raynor,Linfitt,31-08-2018
mmeridith,Meridith,Tittershill,09-09-2018
cclare,Clare,Minshull,30-12-2018
ffayth,Fayth,Tremoulet,12-09-2018
hhermie,Hermie,Hendrikse,13-05-2018
ddyane,Dyane,Ortet,31-10-2018
ppatsy,Patsy,Hartlebury,29-10-2018
rrawley,Rawley,Borley,07-09-2018
aalair,Alair,Sesons,25-03-2019
eelspeth,Elspeth,Dawks,13-09-2018
ccarine,Carine,Hedditeh,25-10-2018
jjanean,Janean,Sackett,21-03-2019
sscotty,Scotty,Dericot,22-10-2018
ddotti,Dotti,Barlas,09-08-2018
llennard,Lennard,Sibson,26-02-2019
llibby,Libby,Glencrash,14-03-2019
cclarke,Clarke,Albiston,20-11-2018
wwright,Wright,Bollini,04-07-2018
wwrennie,Wrennie,Krol,28-04-2018
nnikolos,Nikolos,Nyssen,26-10-2018
ggwen,Gwen,Jocelyn,27-10-2018
rreed,Reed,Cake,18-05-2018
hhetty,Hetty,Lesaunier,01-05-2018
ffannie,Fannie,Desquesnes,13-06-2018
mmelinda,Melinda,Pashby,14-03-2019
tthomasina,Thomasina,Arnault,08-04-2019
aambrose,Ambrose,Apple,02-08-2018
rroman,Roman,Scneider,10-03-2019
aarabel,Arabel,Faley,23-07-2018
llangsdon,Langsdon,Rouf,08-09-2018
bblake,Blake,Averall,15-03-2019
jjaynell,Jaynell,Vint,01-12-2018
ddorris,Dorris,Muslim,06-10-2018
ddeidre,Deidre,Adger,18-12-2018
ddougy,Dougy,Donneely,17-12-2018
kkristin,Kristin,Scampion,25-09-2018
llonny,Lonny,Josefsen,19-08-2018
ttarrah,Tarrah,Plait,29-01-2019
bbartlet,Bartlet,Cockcroft,09-03-2019
cches,Ches,Bortolomei,08-06-2018
eellswerth,Ellswerth,Tyres,08-08-2018
ccarita,Carita,Sindell,23-11-2018
rranda,Randa,Gabey,14-03-2019
ssanders,Sanders,Pavis,12-01-2019
ffrankie,Frankie,Menego,26-07-2018
aappolonia,Appolonia,Clawsley,05-04-2019
ggerti,Gerti,Illyes,13-03-2019
vvera,Vera,Harmer,08-07-2018
fforest,Forest,Catonne,20-05-2018
nnadeen,Nadeen,Tewkesberry,08-02-2019
rrandie,Randie,Sleith,29-04-2018
ddoti,Doti,Maes,17-04-2018
eeugine,Eugine,Aisman,08-07-2018
kkellby,Kellby,Bridgewood,18-10-2018
mmargarita,Margarita,Westphalen,31-12-2018
oorson,Orson,Ralphs,14-08-2018
ddiana,Diana,Gallgher,15-09-2018
eenrique,Enrique,Spradbery,28-04-2018
mmonica,Monica,Jagels,26-10-2018
aastrix,Astrix,Karet,07-07-2018
ggradey,Gradey,McAloren,09-09-2018
ppete,Pete,Lathe,16-04-2018
ddev,Dev,Trinbey,14-06-2018
rrianon,Rianon,Zecchinii,27-02-2019
ddora,Dora,Phipard-Shears,28-05-2018
tteodora,Teodora,Da Costa,04-08-2018
bbeltran,Beltran,Artharg,20-08-2018
sserge,Serge,Straker,28-02-2019
bbartie,Bartie,Hanmer,21-02-2019
ppepillo,Pepillo,Shoemark,11-03-2019
bbradly,Bradly,Argrave,01-04-2019
ggorden,Gorden,Grogono,28-11-2018
rreg,Reg,Cornelissen,04-03-2019
ccolleen,Colleen,Guiduzzi,24-05-2018
bbard,Bard,Matisoff,04-10-2018
,,,
,,,
,,,
,,,
,,,
,,,
,,,
,,,
,,,
,,,
,,,
,,,
,,,
,,,
,,,
,,,
,,,
,,,
,,,
,,,
,,,
,,,
,,,
,,,
,,,
,,,
,,,
,,,
,,,
,,,
,,,
,,,
,,,
,,,
,,,
,,,
,,,
,,,
,,,
,,,
,,,
,,,
,,,
,,,
,,,
,,,
,,,
,,,
,,,
,,,
,,,
,,,
,,,
,,,
,,,
,,,
,,,
,,,
,,,
,,,
,,,
,,,
,,,
,,,
,,,
,,,
,,,
,,,
,,,
,,,
,,,
,,,
,,,
,,,
,,,
,,,
,,,
,,,
,,,
,,,
,,,
,,,
,,,
,,,
,,,
,,,
,,,
,,,
,,,
,,,
,,,
,,,
,,,
,,,
,,,
,,,
,,,
,,,
,,,
,,,
,,,
,,,
,,,
,,,
,,,
,,,
,,,
,,,
,,,
,,,
,,,
,,,
,,,
,,,
,,,
,,,
,,,
,,,
,,,
,,,
,,,
,,,
,,,
,,,
,,,
,,,
,,,
,,,
,,,
,,,
,,,
,,,
,,,
,,,
,,,
,,,
,,,
,,,
,,,
,,,
,,,
,,,
,,,
,,,
,,,
,,,
,,,
,,,
,,,
,,,
,,,
,,,
,,,
,,,
,,,
,,,
,,,
,,,
,,,
,,,
,,,
,,,
,,,
,,,
,,,
,,,
,,,
,,,
,,,
,,,
,,,
,,,
,,,
,,,
,,,
,,,
,,,
,,,
,,,
,,,
,,,
,,,
,,,
,,,
,,,
,,,
,,,
,,,
,,,
,,,
,,,
,,,
,,,
,,,
,,,
,,,
,,,
,,,
,,,
,,,
,,,
,,,
,,,
,,,
,,,
,,,
,,,
,,,
,,,
,,,
,,,
,,,
,,,
,,,
,,,
,,,
,,,
,,,
,,,
,,,
,,,
,,,
,,,
,,,
,,,
,,,
,,,
,,,
,,,
,,,
,,,
,,,
,,,
,,,
,,,
,,,
,,,
,,,
,,,
,,,
,,,
,,,
,,,
,,,
,,,
,,,
,,,
,,,
,,,
,,,
,,,
,,,
,,,
,,,
,,,
,,,
,,,
,,,
,,,
,,,
,,,
,,,
,,,
,,,
,,,
,,,
,,,
,,,
,,,
,,,
,,,
,,,
,,,
,,,
,,,
,,,
,,,
,,,
,,,
,,,
,,,
,,,
,,,
,,,
,,,
,,,
,,,
,,,
,,,
,,,
,,,
,,,
,,,
,,,
,,,
,,,
,,,
,,,
,,,
,,,
,,,
,,,
,,,
,,,
,,,
,,,
,,,
,,,
,,,
,,,
,,,
,,,
,,,
,,,
,,,
,,,
,,,
,,,
,,,
,,,
,,,
,,,
,,,
,,,
,,,
,,,
,,,
,,,
,,,
,,,
,,,
,,,
,,,
,,,
,,,
,,,
,,,
,,,
,,,
,,,
,,,
,,,
,,,
,,,
,,,
,,,
,,,
,,,
,,,
,,,
,,,
,,,
,,,
,,,
,,,
,,,
,,,
,,,
,,,
,,,
,,,
,,,
,,,
,,,
,,,
,,,
,,,
,,,
,,,
,,,
,,,
,,,
,,,
,,,
,,,
,,,
,,,
,,,
,,,
,,,
,,,
,,,
,,,
,,,
,,,
,,,
,,,
,,,
,,,
,,,
,,,
,,,
,,,
,,,
,,,
,,,
,,,
,,,
,,,
,,,
,,,
,,,
,,,
,,,
,,,
,,,
,,,
,,,
,,,
,,,
,,,
,,,
,,,
,,,
,,,
,,,
,,,
,,,
,,,
,,,
,,,
,,,
,,,
,,,
,,,
,,,
,,,
,,,
,,,
,,,
,,,
,,,
,,,
,,,
,,,
,,,
,,,
,,,
,,,
,,,
,,,
,,,
,,,
,,,
,,,
,,,
,,,
,,,
,,,
,,,
,,,
,,,
,,,
,,,
,,,
,,,
,,,
,,,
,,,
,,,
,,,
,,,
,,,
,,,
,,,
,,,
,,,
,,,
,,,
,,,
,,,
,,,
,,,
,,,
,,,
,,,
,,,
,,,
,,,
,,,
,,,
,,,
,,,
,,,
,,,
,,,
,,,
,,,
,,,
,,,
,,,
,,,
,,,
,,,
,,,
,,,
,,,
,,,
,,,
,,,
,,,
,,,
,,,
,,,
,,,
,,,
,,,
,,,
,,,
,,,
,,,
,,,
,,,
,,,
,,,
,,,
,,,
,,,
,,,
,,,
,,,
,,,
,,,
,,,
,,,
,,,
,,,
,,,
,,,
,,,
,,,
,,,
,,,
,,,
,,,
,,,
,,,
,,,
,,,
,,,
,,,
,,,
,,,
,,,
,,,
,,,
,,,
,,,
,,,
,,,
,,,
,,,
,,,
,,,
,,,
,,,
,,,
,,,
,,,
,,,
,,,
,,,
,,,
,,,
,,,
,,,
,,,
,,,
,,,
,,,
,,,
,,,
,,,
,,,
,,,
,,,
,,,
,,,
,,,
,,,
,,,
,,,
,,,
,,,
,,,
,,,
,,,
,,,
,,,
,,,
,,,
,,,
,,,
,,,
,,,
,,,
,,,
,,,
,,,
,,,
,,,
,,,
,,,
,,,
,,,
,,,
,,,
,,,
,,,
,,,
,,,
,,,
,,,
,,,
,,,
,,,
,,,
,,,
,,,
,,,
,,,
,,,
,,,
,,,
,,,
,,,
,,,
,,,
,,,
,,,
,,,
,,,
,,,
,,,
,,,
,,,
,,,
,,,
,,,
,,,
,,,
,,,
,,,
,,,
,,,
,,,
,,,
,,,
,,,
,,,
,,,
,,,
,,,
,,,
,,,
,,,
,,,
,,,
,,,
,,,
,,,
,,,
,,,
,,,
,,,
,,,
,,,
,,,
,,,
,,,
,,,
,,,
,,,
,,,
,,,
,,,
,,,
,,,
,,,
,,,
,,,
,,,
,,,
,,,
,,,
,,,
,,,
,,,
,,,
,,,
,,,
,,,
,,,
,,,
,,,
,,,
,,,
,,,
,,,
,,,
,,,
,,,
,,,
,,,
,,,
,,,
,,,
,,,
,,,
,,,
,,,
,,,
,,,
,,,
,,,
,,,
,,,
,,,
,,,
,,,
,,,
,,,
,,,
,,,
,,,
,,,
,,,
,,,
,,,
,,,
,,,
,,,
,,,
,,,
,,,
,,,
,,,
,,,
,,,
,,,
,,,
,,,
,,,
,,,
,,,
,,,
,,,
,,,
,,,
,,,
,,,
,,,
,,,
,,,
,,,
,,,
,,,
,,,
,,,
,,,
,,,
,,,
,,,
,,,
,,,
,,,
,,,
,,,
,,,
,,,
,,,
,,,
,,,
,,,
,,,
,,,
,,,
,,,
,,,
,,,
,,,
,,,
,,,
,,,
,,,
,,,
,,,
,,,
,,,
,,,
,,,
,,,
,,,
,,,
,,,
,,,
,,,
,,,
,,,
,,,
,,,
,,,
,,,
,,,
,,,
,,,
,,,
,,,
,,,
,,,
,,,
,,,
,,,
,,,
,,,
,,,
,,,
,,,
,,,
,,,
,,,
,,,
,,,
,,,
,,,
,,,
,,,
,,,
,,,
,,,
,,,
,,,
,,,
,,,
,,,
,,,
,,,
,,,
,,,
,,,
,,,
,,,
,,,
,,,
,,,
,,,
,,,
,,,
,,,
,,,
,,,
,,,
,,,
,,,
,,,
,,,
,,,
,,,
,,,
,,,
,,,
,,,
,,,
,,,
,,,
,,,
,,,
,,,
,,,
,,,
,,,
,,,
,,,
,,,
,,,
,,,
,,,
,,,
,,,
,,,
,,,
,,,
,,,
,,,
,,,
,,,
,,,
,,,
,,,
,,,
,,,
,,,
,,,
